<?xml version="1.0" encoding="UTF-8"?>
<site>
   <description url="https://dl-ssl.google.com/android/eclipse/">
      Update Site for Android Development Toolkit
   </description>
   <feature url="features/com.android.ide.eclipse.adt_20.0.3.v201208082019-427395.jar" id="com.android.ide.eclipse.adt" version="20.0.3.v201208082019-427395">
      <category name="developer"/>
   </feature>
   <feature url="features/com.android.ide.eclipse.ddms_20.0.3.v201208082019-427395.jar" id="com.android.ide.eclipse.ddms" version="20.0.3.v201208082019-427395">
      <category name="developer"/>
   </feature>
   <feature url="features/com.android.ide.eclipse.hierarchyviewer_20.0.3.v201208082019-427395.jar" id="com.android.ide.eclipse.hierarchyviewer" version="20.0.3.v201208082019-427395">
      <category name="developer"/>
   </feature>
   <feature url="features/com.android.ide.eclipse.traceview_20.0.3.v201208082019-427395.jar" id="com.android.ide.eclipse.traceview" version="20.0.3.v201208082019-427395">
      <category name="developer"/>
   </feature>
   <feature url="features/com.android.ide.eclipse.gldebugger_20.0.3.v201208082019-427395.jar" id="com.android.ide.eclipse.gldebugger" version="20.0.3.v201208082019-427395">
      <category name="developer"/>
   </feature>
   <feature url="features/com.android.ide.eclipse.ndk_20.0.3.v201208082019-427395.jar" id="com.android.ide.eclipse.ndk" version="20.0.3.v201208082019-427395">
      <category name="ndk"/>
   </feature>
   <category-def name="developer" label="Developer Tools">
      <description>
         Features that add Android support to Eclipse for application developers.
      </description>
   </category-def>
   <category-def name="ndk" label="NDK Plugins">
      <description>
         Support for NDK build and debug in Eclipse.
      </description>
   </category-def>
</site>
