<?xml version="1.0" encoding="UTF-8"?>
<site>
   <description url="https://dl-ssl.google.com/android/eclipse/">
      Update Site for Android Development Toolkit
   </description>
   <feature url="features/com.android.ide.eclipse.adt_14.0.0.v201110171935-205994.jar" id="com.android.ide.eclipse.adt" version="14.0.0.v201110171935-205994">
      <category name="developer"/>
   </feature>
   <feature url="features/com.android.ide.eclipse.ddms_14.0.0.v201110171935-205994.jar" id="com.android.ide.eclipse.ddms" version="14.0.0.v201110171935-205994">
      <category name="developer"/>
   </feature>
   <feature url="features/com.android.ide.eclipse.hierarchyviewer_14.0.0.v201110171935-205994.jar" id="com.android.ide.eclipse.hierarchyviewer" version="14.0.0.v201110171935-205994">
      <category name="developer"/>
   </feature>
   <feature url="features/com.android.ide.eclipse.traceview_14.0.0.v201110171935-205994.jar" id="com.android.ide.eclipse.traceview" version="14.0.0.v201110171935-205994">
      <category name="developer"/>
   </feature>
   <category-def name="developer" label="Developer Tools">
      <description>
         Features that add Android support to Eclipse for application developers.
      </description>
   </category-def>
</site>
